{"cameraMode":{"drawMode":0,"name":"Shaded","section":"Shading Mode"},"sceneLighting":false,"audioPlay":false,"sceneViewState":{"showFog":true,"showMaterialUpdate":false,"showSkybox":false,"showFlares":true,"showImageEffects":true,"showParticleSystems":true},"in2DMode":false,"pivot":{"x":-7.205533981323242,"y":4.097944259643555,"z":-1.2860713005065919},"rotation":{"x":-0.020614217966794969,"y":0.9731366038322449,"z":-0.20985092222690583,"w":-0.09514527022838593},"size":0.6579862833023071,"orthographic":false}