{"cameraMode":{"drawMode":0,"name":"Shaded","section":"Shading Mode"},"sceneLighting":false,"audioPlay":false,"sceneViewState":{"showFog":true,"showMaterialUpdate":false,"showSkybox":false,"showFlares":true,"showImageEffects":true,"showParticleSystems":true},"in2DMode":false,"pivot":{"x":0.5542787313461304,"y":0.7045657634735107,"z":0.6440368890762329},"rotation":{"x":0.13282231986522675,"y":-0.7056931257247925,"z":0.13745808601379395,"w":0.6823859214782715},"size":0.53119957447052,"orthographic":true}