{"cameraMode":{"drawMode":0,"name":"Shaded","section":"Shading Mode"},"sceneLighting":false,"audioPlay":false,"sceneViewState":{"showFog":true,"showMaterialUpdate":false,"showSkybox":false,"showFlares":true,"showImageEffects":true,"showParticleSystems":true},"in2DMode":false,"pivot":{"x":5.2972412109375,"y":10.86865234375,"z":16.2568359375},"rotation":{"x":0.3452267050743103,"y":-0.2352997362613678,"z":0.09013619273900986,"w":0.9041520953178406},"size":2.2603163719177248,"orthographic":true}